{"name":"ACN File","Desc":"<u><b><font color=rgb(196, 25, 40)> List of Downstream Applications: </font></b></u><b>Teradata_EPM</b><p></p><u><b><font color=rgb(196, 25, 40)> List of Upstream Applications: </font></b></u><b> N/a </b><p></p><u><b><font  size='4' color=rgb(196, 25, 40)>Application Summary:- </font></b></u>Contains customer master, material master and invoice sales information for FSV and Minute Maid. Customer and material master data is used throught out the teradata application to calculate the GPI at the most granular level. Master information consists of branch, MKT_ID, USA_DEMO, bsns_typ, brand, package, categories of brand and package etc...<p></p><u><b><font size='4' color=rgb(196, 25, 40)>Application Interface Details:- </font></b></u><p><p></p><b><font color=rgb(196, 25, 40)>--> Interface between ACN File & Teradata_EPM : </font></b>1. ACN Daily food service and minute maid information.</p><p>2. Customer and Material master information</p>","Stream":"Master Data","Technology":""}


{"name":"Agency Fee","Desc":"<u><b><font color=rgb(196, 25, 40)> List of Downstream Applications: </font></b></u><b>Teradata_EPM</b><p></p><u><b><font color=rgb(196, 25, 40)> List of Upstream Applications: </font></b></u><b>Matrix</b><p></p><u><b><font  size='4' color=rgb(196, 25, 40)>Application Summary:- </font></b></u><p>Provides Invoice and Balancing information. </p><p>bottler and distributor post mix volumes extract to Agency fee. Agency uses this information for reporting and payments for food service volumes</p><p></p><u><b><font size='4' color=rgb(196, 25, 40)>Application Interface Details:- </font></b></u><p><p></p><b><font color=rgb(196, 25, 40)>--> Interface between Agency Fee & Teradata_EPM : </font></b>Provides Invoice and Balancing information<p></p><b><font color=rgb(196, 25, 40)>--> Interface between Matrix & Agency Fee : </font></b>bottler and distributor post mix volumes to Agency fee. Agency uses this information for reporting and payments for food service volumes</p>","Stream":"Food services","Technology":""}
